fistname|lastname|age|username|password
Emily|Emma|21|JacobEmily|Emma267
Michael|Madison|23|MichaelEmma|Madison547
Joshua|Abigail|54|JoshuaAbigail|Abigail75
Matthew|Olivia|65|MatthewOlivia|Olivia676
Ethan|Isabella|34|EthanIsabella|Isabella66
Andrew|Hannah|24|AndrewHannah|Hannah22
Daniel|Samantha|23|DanielSamantha|Samantha45
Anthony|Ava|76|AnthonyAva|Ava4344
Christopher|Ashley|77|Christopher|Ashley12
Joseph|Sophia|56|Joseph|Sophia12
William|Elizabeth|55|William|Elizabeth34
Alexander|Alexis|79|Alexander|Alexis56
Ryan|Grace|54|Ryan|Grace42
David|Sarah|32|David|Sarah23
Nicholas|Alyssa|44|Nicholas|Alyssa21
Tyler|Mia|45|Tyler|Mia45
James|Natalie|43|James|Natalie11
John|Chloe|65|John|Chloe34
Jonathan|Brianna|76|Jonathan|Brianna64
Nathan|Lauren|57|Nathan|Lauren64
Samuel|Ella|34|Samuel|Ella54
Christian|Anna|78|Christian|Anna21
Noah|Taylor|43|Noah|Taylor12
Dylan|Kayla|78|Dylan|Kayla98
Benjamin|Hailey|22|Benjamin|Hailey53
Logan|Jessica|13|Logan|Jessica32
Brandon|Victoria|21|Brandon|Victoria65
Gabriel|Victoria|27|Gabriel|Victoria33
Zachary|Sydney|28|Zachary|Sydney21
Jose|Julia|56|Jose|Julia22
Elijah|Destiny|45|Elijah|Destiny98
Angel|Morgan|23|Angel|Morgan11
Kevin|Kaitlyn|66|Kevin|Kaitlyn12
Jack|Savannah|87|Jack|Savannah12
Caleb|Katherine|76|Caleb|Katherine1
Justin|Alexandra|65|Justin|Alexandra4
Austin|Rachel|45|Austin|Rachel4
Evan|Lily|32|Evan|Lily7
Robert|Megan|67|Robert|Megan6
Thomas|Kaylee|87|Thomas|Kaylee4
Luke|Jennifer|44|Luke|Jennifer8
Mason|Angelina|23|Mason|Angelina3
Aidan|Makayla|34|Aidan|Makayla9
Jackson|Allison|76|Jackson|Allison4
Isaiah|Brooke|87|Isaiah|Brooke
Jordan|Maria|45|Jordan|Maria3
Gavin|Trinity|34|Gavin|Trinity5
Connor|Lillian|32|Connor|Lillian2
Aiden|Mackenzie|22|Aiden|Mackenzie1

